Unnamed: 0.1,Unnamed: 0,food,Caloric Value,Fat,Saturated Fats,Monounsaturated Fats,Polyunsaturated Fats,Carbohydrates,Sugars,Protein,Dietary Fiber,Cholesterol,Sodium,Water,Vitamin A,Vitamin B1,Vitamin B11,Vitamin B12,Vitamin B2,Vitamin B3,Vitamin B5,Vitamin B6,Vitamin C,Vitamin D,Vitamin E,Vitamin K,Calcium,Copper,Iron,Magnesium,Manganese,Phosphorus,Potassium,Selenium,Zinc,Nutrition Density,source_group,validation
281,281,hotcakes with syrup mcdonalds,601,17.8,1.8,1.9,4.6,101.8,45.5,9.0,2.0,19.9,0.6,89.7,0.0,0.4,0.1,0.0,0.4,3.2,1.1,0.1,0.0,0.0,0.0,0.0,126.0,0.1,2.8,28.7,0.4,391.2,276.3,0.0,0.6,259.4,FOOD-DATA-GROUP1,Carbohydrates out-of-range
293,293,hotcakes sausage mcdonalds,776,34.9,7.3,9.0,6.5,102.4,45.7,15.5,2.1,50.2,0.9,107.4,0.0,0.6,0.1,0.004,0.5,5.2,1.4,0.2,0.0,0.0,0.0,0.0,134.6,0.2,3.2,37.0,0.4,451.4,390.7,0.0,1.3,292.7,FOOD-DATA-GROUP1,Carbohydrates out-of-range
345,345,northern pike raw,348,2.7,0.5,0.6,0.8,0.0,0.0,76.3,0.0,154.4,0.2,312.5,0.059,0.2,0.077,0.078,0.2,9.1,3.0,0.5,15.0,0.025,0.8,0.089,225.7,0.2,2.2,122.8,1.0,871.2,1025.6,0.082,2.7,321.946,FOOD-DATA-GROUP1,Protein out-of-range
348,348,pollock cooked,356,3.8,0.5,0.4,1.9,0.0,0.0,75.3,0.0,274.8,0.3,217.5,0.045,0.2,0.092,0.093,0.7,12.0,1.2,1.0,0.0,0.0,0.0,0.0,232.5,0.2,1.8,259.7,0.026,854.7,1377.1,0.1,1.8,313.428,FOOD-DATA-GROUP1,Protein out-of-range
361,361,skipjack tuna cooked,407,4.0,1.3,0.7,1.2,0.0,0.0,86.9,0.0,184.8,0.1,191.8,0.059,0.1,0.06,0.041,0.4,57.8,1.5,3.0,3.1,0.0,0.0,0.0,114.0,0.3,4.9,135.5,0.067,877.8,1607.8,0.1,3.2,212.936,FOOD-DATA-GROUP1,Protein out-of-range
362,362,salmon cooked,733,44.0,8.5,14.9,16.2,0.0,0.0,78.7,0.0,224.3,0.2,230.5,0.2,1.2,0.1,0.01,0.5,28.6,5.3,2.3,13.2,0.046,4.1,0.044,53.4,0.2,1.2,106.8,0.095,897.1,1367.0,0.1,1.5,190.7,FOOD-DATA-GROUP1,Protein out-of-range
363,363,chum salmon cooked,474,14.9,3.3,6.1,3.5,0.0,0.0,79.5,0.0,292.6,0.2,210.8,0.1,0.3,0.045,0.017,0.7,26.3,2.7,1.4,0.0,0.0,0.0,0.0,43.1,0.2,2.2,86.2,0.09,1118.0,1694.0,0.1,1.8,139.8,FOOD-DATA-GROUP1,Protein out-of-range
372,372,halibut cooked,353,5.1,1.1,1.8,1.1,0.0,0.0,71.7,0.0,190.8,0.3,242.1,0.043,0.007,0.2,0.01,0.043,0.1,25.2,1.3,2.0,0.0,0.089,2.4,0.0,28.6,0.095,0.6,89.0,0.071,912.7,1679.0,0.2,78.934,FOOD-DATA-GROUP1,Protein out-of-range
403,403,chinook salmon raw,709,41.3,12.3,17.4,11.1,0.0,0.0,78.9,0.0,198.0,0.2,283.7,0.5,0.2,0.1,0.077,0.4,33.3,3.0,1.6,15.8,0.0,4.8,0.0,103.0,0.2,1.0,376.2,0.034,1144.4,1560.2,0.1,1.7,240.5,FOOD-DATA-GROUP1,Protein out-of-range
405,405,tilefish raw,371,8.9,1.7,2.2,2.3,0.0,0.0,67.6,0.0,193.0,0.2,304.6,0.057,0.5,0.042,0.057,0.6,11.2,2.9,1.0,0.0,0.0,0.0,0.0,100.4,0.2,1.0,108.1,0.008,721.8,1671.4,0.1,1.4,177.901,FOOD-DATA-GROUP1,Protein out-of-range
413,413,sockeye salmon cooked,493,17.3,3.0,5.8,4.1,0.0,0.0,82.1,0.0,189.1,0.3,208.7,0.087,0.2,0.5,0.035,0.04,0.8,31.4,4.3,2.6,0.0,0.016,3.1,0.089,34.1,0.2,1.6,111.6,0.096,945.5,1351.6,0.1,102.315,FOOD-DATA-GROUP1,Protein out-of-range
416,416,northern pike cooked,350,2.7,0.5,0.6,0.8,0.0,0.0,76.5,0.0,155.0,0.2,226.2,0.095,0.2,0.098,0.088,0.2,8.7,2.7,0.4,11.8,0.0,0.0,0.0,226.3,0.2,2.2,124.0,1.0,874.2,1026.1,0.024,2.7,319.506,FOOD-DATA-GROUP1,Protein out-of-range
417,417,salmon raw,824,53.1,12.1,14.9,15.4,0.0,0.0,80.9,0.0,217.8,0.2,257.0,0.0,0.8,0.1,0.021,0.6,34.3,6.1,2.5,15.4,0.0,14.1,0.059,35.6,0.2,1.3,106.9,0.029,950.4,1437.5,0.014,1.4,186.3,FOOD-DATA-GROUP1,Protein out-of-range
418,418,turbot cooked,388,12.0,0.0,0.0,0.0,0.0,0.0,65.4,0.0,197.2,0.6,224.0,0.02,0.2,0.04,0.026,0.3,8.5,2.1,0.8,5.4,0.0,0.0,0.0,73.1,0.1,1.5,206.7,0.064,524.7,969.9,0.1,0.9,157.453,FOOD-DATA-GROUP1,Protein out-of-range
420,420,chinook salmon cooked,711,41.2,9.9,17.7,8.2,0.0,0.0,79.2,0.0,261.8,0.2,202.0,0.5,0.1,0.1,0.065,0.5,30.9,2.7,1.4,12.6,0.0,0.0,0.0,86.2,0.2,2.8,375.8,0.074,1142.7,1555.4,0.1,1.7,222.5,FOOD-DATA-GROUP1,Protein out-of-range
426,426,halibut raw,371,5.4,1.2,1.9,1.2,0.0,0.0,75.7,0.0,199.9,0.3,327.8,0.072,0.2,0.079,0.015,0.1,26.6,1.4,2.2,0.0,0.031,2.5,0.0,28.6,0.08,0.7,93.8,0.02,962.9,1774.8,0.2,1.5,110.481,FOOD-DATA-GROUP1,Protein out-of-range
456,456,yellowtail cooked,546,19.6,0.0,0.0,0.0,0.0,0.0,86.6,0.0,207.3,0.1,196.6,0.045,0.5,0.085,0.034,0.1,25.5,2.0,0.5,8.5,0.0,0.0,0.0,84.7,0.2,1.8,111.0,0.095,586.9,1571.0,0.1,2.0,201.282,FOOD-DATA-GROUP1,Protein out-of-range
462,462,yellowtail raw,546,19.6,4.8,7.4,5.3,0.0,0.0,86.5,0.0,205.7,0.1,278.7,0.1,0.5,0.08,0.072,0.1,25.4,2.2,0.6,10.5,0.0,0.0,0.071,86.0,0.2,1.8,112.2,0.002,587.2,1570.8,0.1,1.9,204.5,FOOD-DATA-GROUP1,Protein out-of-range
465,465,pollock raw,355,3.8,0.5,0.4,1.9,0.0,0.0,75.0,0.0,274.1,0.3,301.8,0.068,0.2,0.068,0.062,0.7,12.6,1.4,1.1,0.0,0.012,0.9,0.014,231.6,0.2,1.8,258.6,0.081,853.1,1374.2,0.1,1.8,312.275,FOOD-DATA-GROUP1,Protein out-of-range
468,468,pink salmon raw,404,14.0,2.6,4.3,2.6,0.0,0.0,65.2,0.0,146.3,0.2,240.2,0.1,0.3,0.044,0.03,0.3,25.4,3.3,1.9,0.0,0.035,1.3,0.025,22.3,0.2,1.2,85.9,0.057,830.0,1163.9,0.035,1.2,102.8,FOOD-DATA-GROUP1,Protein out-of-range
471,471,turbot raw,388,12.0,3.1,2.5,3.6,0.0,0.0,65.5,0.0,195.8,0.6,314.0,0.001,0.3,0.094,0.09,0.3,9.0,2.3,0.9,6.9,0.0,0.0,0.0,73.4,0.2,1.5,208.1,0.06,526.3,971.0,0.1,0.9,159.322,FOOD-DATA-GROUP1,Protein out-of-range
478,478,tilefish cooked,441,14.1,2.6,4.0,3.7,0.0,0.0,73.5,0.0,192.0,0.2,210.7,0.022,0.4,0.067,0.01,0.6,10.5,2.6,0.9,0.0,0.0,0.0,0.0,78.0,0.2,0.9,99.0,0.064,708.0,1536.0,0.2,1.6,166.521,FOOD-DATA-GROUP1,Protein out-of-range
486,486,lingcod cooked,329,4.1,0.8,1.3,1.2,0.0,0.0,68.4,0.0,202.3,0.2,228.6,0.054,0.1,0.024,0.015,0.4,7.0,2.6,1.0,0.0,0.0,0.0,0.0,54.4,0.1,1.2,99.7,0.067,779.2,1691.2,0.1,1.8,128.139,FOOD-DATA-GROUP1,Protein out-of-range
490,490,sockeye salmon raw,562,22.2,4.7,7.4,7.7,0.0,0.0,84.4,0.0,209.9,0.4,289.7,0.2,0.7,0.073,0.065,0.5,32.2,4.6,2.4,0.0,0.086,3.8,0.021,39.6,0.2,1.7,118.8,0.064,1053.4,1358.3,0.1,1.7,148.1,FOOD-DATA-GROUP1,Protein out-of-range
495,495,salmon canned,520,20.3,5.5,7.1,5.6,0.0,0.0,79.1,0.0,143.9,1.8,261.1,0.064,0.079,0.072,0.055,0.6,25.8,2.1,1.4,0.0,0.0,5.9,0.02,918.8,0.4,2.6,110.7,0.022,1306.3,1107.0,0.2,3.7,1020.882,FOOD-DATA-GROUP1,Protein out-of-range
497,497,sockeye salmon canned,563,24.9,4.9,8.4,6.0,0.0,0.0,79.5,0.0,266.2,1.4,229.4,0.2,0.1,0.096,0.014,0.7,25.7,1.8,0.4,0.0,0.09,7.0,0.018,781.8,0.2,2.2,104.5,0.008,1139.1,1058.2,0.1,2.8,888.6,FOOD-DATA-GROUP1,Protein out-of-range
499,499,pink salmon canned,530,20.4,3.5,5.0,5.8,0.0,0.0,80.9,0.0,226.1,1.7,304.3,0.025,0.061,0.054,0.031,0.8,26.9,2.3,1.2,0.0,0.018,2.6,0.044,883.7,0.3,2.6,123.3,0.07,1385.1,1413.8,0.1,3.1,987.651,FOOD-DATA-GROUP1,Protein out-of-range
500,500,cod canned,328,2.7,0.5,0.4,0.9,0.0,0.0,71.0,0.0,171.6,0.7,235.9,0.046,0.3,0.06,0.04,0.2,7.8,0.5,0.9,3.1,0.066,2.6,0.063,65.5,0.1,1.5,127.9,0.061,811.2,1647.4,0.1,1.8,143.814,FOOD-DATA-GROUP1,Protein out-of-range
502,502,chum salmon canned,520,20.3,5.5,7.1,5.6,0.0,0.0,79.1,0.0,143.9,0.3,261.1,0.014,0.092,0.054,0.012,0.6,25.8,2.1,1.4,0.0,0.0,0.0,0.0,918.8,0.4,2.6,110.7,0.037,1306.3,1107.0,0.2,3.7,1020.805,FOOD-DATA-GROUP1,Protein out-of-range
550,550,red salmon sockeye filets smoked,373,12.3,2.8,4.3,3.7,0.0,0.0,65.5,0.0,167.4,0.065,25.8,0.047,0.5,0.078,0.088,0.6,24.6,3.0,0.9,0.0,0.0,1.3,0.0,62.6,0.2,1.1,62.6,0.048,702.0,1036.8,0.026,1.2,141.587,FOOD-DATA-GROUP1,Protein out-of-range
65,65,white frosting dry,768,0.0,0.0,0.0,0.0,196.4,0.0,4.8,0.0,0.0,0.5,3.9,0.0,0.018,0.077,0.0,0.1,2.1,0.1,0.031,0.0,0.0,0.0,0.0,8.3,0.053,0.2,6.2,0.043,14.5,242.2,0.036,0.01,209.7,FOOD-DATA-GROUP2,Carbohydrates out-of-range
74,74,pineapple topping,860,0.3,0.066,0.1,0.2,225.8,71.4,0.3,1.4,0.0,0.1,112.2,0.0,0.1,0.026,0.0,0.008,0.3,0.059,0.012,10.5,0.0,0.054,0.032,20.4,0.2,0.4,20.4,0.2,10.2,146.2,0.026,0.2,259.1,FOOD-DATA-GROUP2,Carbohydrates out-of-range
83,83,popover dry mix,631,7.3,1.7,3.4,1.4,120.7,0.0,17.7,0.0,0.0,1.5,19.9,0.0,0.7,0.2,0.008,0.2,5.7,0.8,0.072,0.2,0.0,0.0,0.0,54.4,0.3,5.0,42.5,1.3,170.0,170.0,0.044,1.5,205.3,FOOD-DATA-GROUP2,Carbohydrates out-of-range
86,86,tapioca pearls,544,0.093,0.075,0.088,0.057,134.8,5.1,0.3,1.4,0.0,0.077,16.7,0.0,0.016,0.001,0.0,0.0,0.0,0.2,0.091,0.0,0.0,0.0,0.0,30.4,0.021,2.4,1.5,0.2,10.6,16.7,0.007,0.2,169.318,FOOD-DATA-GROUP2,Carbohydrates out-of-range
92,92,rice flour brown,574,4.4,0.9,1.6,1.6,120.8,1.3,11.4,7.3,0.0,0.039,18.9,0.0,0.7,0.056,0.0,0.1,10.0,2.5,1.2,0.0,0.0,1.9,0.0,17.4,0.4,3.1,177.0,6.3,532.5,456.6,0.0,3.9,164.4,FOOD-DATA-GROUP2,Carbohydrates out-of-range
95,95,cornmeal white,581,2.7,0.3,0.5,1.0,124.7,2.5,11.2,6.1,0.0,0.094,17.6,0.0,0.2,0.089,0.0,0.016,1.6,0.4,0.3,0.0,0.0,0.2,0.0,4.7,0.1,1.7,50.2,0.3,155.4,222.9,0.03,1.0,151.1,FOOD-DATA-GROUP2,Carbohydrates out-of-range
96,96,barley flour,511,2.4,0.5,0.3,1.1,110.3,1.2,15.5,14.9,0.0,0.062,17.9,0.0,0.5,0.021,0.0,0.2,9.3,0.2,0.6,0.0,0.0,0.8,0.069,47.4,0.5,4.0,142.1,1.5,438.1,457.3,0.037,3.0,194.5,FOOD-DATA-GROUP2,Carbohydrates out-of-range
106,106,rice flour white,578,2.2,0.6,0.7,0.6,126.6,0.2,9.4,3.8,0.0,0.0,18.8,0.0,0.2,0.058,0.0,0.014,4.1,1.3,0.7,0.0,0.0,0.2,0.0,15.8,0.2,0.6,55.3,1.9,154.8,120.1,0.062,1.3,158.4,FOOD-DATA-GROUP2,Carbohydrates out-of-range
108,108,potato flour,571,0.5,0.1,0.063,0.2,133.0,5.6,11.0,9.4,0.0,0.042,10.4,0.0,0.0,0.4,0.043,0.0,0.06,5.6,0.8,1.2,6.1,0.0,0.4,0.0,104.0,0.3,2.2,104.0,0.5,268.8,1601.6,0.031,155.4,FOOD-DATA-GROUP2,Carbohydrates out-of-range
109,109,cornmeal yellow,581,2.7,0.3,0.5,1.0,124.7,2.5,11.2,6.1,0.0,0.011,17.6,0.0,0.2,0.072,0.0,0.085,1.6,0.4,0.3,0.0,0.0,0.2,0.0,4.7,0.1,1.7,50.2,0.3,155.4,222.9,0.069,1.0,151.1,FOOD-DATA-GROUP2,Carbohydrates out-of-range
111,111,arrowroot flour,457,0.1,0.019,0.088,0.036,112.8,0.0,0.4,4.4,0.0,0.002,14.6,0.0,0.013,0.043,0.0,0.0,0.0,0.2,0.032,0.0,0.0,0.0,0.0,51.2,0.045,0.4,3.8,0.6,6.4,14.1,0.0,0.067,169.3,FOOD-DATA-GROUP2,Carbohydrates out-of-range
114,114,cornstarch,488,0.03,0.077,0.046,0.012,116.8,0.0,0.3,1.2,0.0,0.093,10.6,0.0,0.0,0.0,0.0,0.0,0.0,0.0,0.0,0.0,0.0,0.0,0.0,2.6,0.097,0.6,3.8,0.028,16.6,3.8,0.096,0.081,121.535,FOOD-DATA-GROUP2,Carbohydrates out-of-range
120,120,chocolate pie crust,881,40.8,8.6,26.4,3.7,117.4,47.9,11.1,4.9,0.0,0.9,9.1,0.0,0.6,0.1,0.0,0.5,5.6,0.3,0.049,0.0,0.0,3.3,0.078,58.2,1.4,7.8,72.8,3.3,218.4,340.3,0.033,3.8,240.2,FOOD-DATA-GROUP2,Carbohydrates out-of-range
195,195,chocolate semisweet,806,50.4,29.8,16.7,1.6,107.4,91.6,7.1,9.9,0.0,0.042,1.2,0.0,0.023,0.094,0.0,0.2,0.7,0.2,0.036,0.0,0.0,0.4,0.066,53.8,1.2,5.3,193.2,1.3,221.8,613.2,0.055,2.7,233.9,FOOD-DATA-GROUP2,Carbohydrates out-of-range
220,220,triticale,645,4.0,0.7,0.4,1.8,138.5,0.0,25.1,0.0,0.0,0.049,20.2,0.0,0.8,0.1,0.0,0.3,2.7,2.5,0.3,0.0,0.0,1.7,0.0,71.0,0.9,4.9,249.6,6.2,687.4,637.4,0.0,6.6,243.5,FOOD-DATA-GROUP2,Carbohydrates out-of-range
229,229,couscous dry,650,1.1,0.2,0.2,0.4,134.0,0.0,22.1,8.7,0.0,0.031,14.8,0.0,0.3,0.059,0.0,0.1,6.0,2.2,0.2,0.0,0.0,0.0,0.0,41.5,0.4,1.9,76.1,1.3,294.1,287.2,0.0,1.4,209.3,FOOD-DATA-GROUP2,Carbohydrates out-of-range
244,244,teff raw,708,4.6,0.9,1.1,2.1,141.1,3.6,25.7,15.4,0.0,0.053,17.0,0.0,0.8,0.0,0.0,0.5,6.5,1.8,0.9,0.0,0.0,0.2,0.03,347.4,1.6,14.7,355.1,17.8,828.0,824.1,0.038,7.0,548.9,FOOD-DATA-GROUP2,Carbohydrates out-of-range
246,246,millet raw,756,8.4,1.4,1.5,4.3,145.7,0.0,22.0,17.0,0.0,0.013,17.3,0.0,0.8,0.2,0.0,0.6,9.4,1.7,0.8,0.0,0.0,0.1,0.027,16.0,1.5,6.0,228.0,3.3,570.0,390.0,0.0,3.4,215.1,FOOD-DATA-GROUP2,Carbohydrates out-of-range
257,257,kamut raw,627,4.1,0.4,0.4,1.1,130.9,15.2,27.3,16.9,0.0,0.012,20.4,0.035,0.0,1.1,0.0,0.0,0.3,11.8,1.7,0.5,0.0,0.0,1.1,0.043,44.6,1.0,8.2,249.2,5.3,718.0,829.6,0.1,180.788,FOOD-DATA-GROUP2,Carbohydrates out-of-range
258,258,wheat durum,651,4.7,0.9,0.7,1.9,136.6,0.0,26.3,0.0,0.0,0.032,21.0,0.0,0.8,0.054,0.0,0.2,12.9,1.8,0.8,0.0,0.0,0.0,0.0,65.3,1.1,6.8,276.5,5.8,975.4,827.5,0.2,8.0,239.7,FOOD-DATA-GROUP2,Carbohydrates out-of-range
259,259,sorghum,651,6.3,0.9,1.9,2.6,143.3,0.0,21.7,12.1,0.0,0.045,17.7,0.0,0.5,0.0,0.0,0.3,5.6,0.0,0.0,0.0,0.0,0.0,0.0,53.8,0.0,8.4,0.0,0.0,551.0,672.0,0.0,0.0,245.6,FOOD-DATA-GROUP2,Carbohydrates out-of-range
260,260,white wheat,657,3.3,0.5,0.4,1.4,145.7,0.8,21.7,23.4,0.0,0.094,18.4,0.0,0.7,0.058,0.0,0.2,8.4,1.8,0.7,0.0,0.0,1.9,0.089,61.4,0.7,8.8,178.6,7.3,681.6,829.4,0.0,6.4,264.3,FOOD-DATA-GROUP2,Carbohydrates out-of-range
261,261,rye,571,2.8,0.3,0.4,1.3,128.2,1.7,17.5,25.5,0.0,0.078,17.9,0.0,0.5,0.036,0.0,0.4,7.2,2.5,0.5,0.0,0.0,1.4,0.092,40.6,0.6,4.4,185.9,4.4,561.1,861.9,0.032,4.5,219.0,FOOD-DATA-GROUP2,Carbohydrates out-of-range
262,262,spelt raw,588,4.2,0.7,0.8,2.2,122.1,11.9,25.4,18.6,0.0,0.076,19.2,0.0,0.6,0.056,0.0,0.2,11.9,1.9,0.4,0.0,0.0,1.4,0.037,47.0,0.9,7.7,236.6,5.2,697.7,675.1,0.051,5.7,225.0,FOOD-DATA-GROUP2,Carbohydrates out-of-range
268,268,semolina,601,1.8,0.3,0.2,0.7,121.6,0.0,21.2,6.5,0.0,0.097,21.2,0.0,1.4,0.3,0.0,1.0,10.0,1.0,0.2,0.0,0.0,0.4,0.0,28.4,0.3,7.3,78.5,1.0,227.1,310.6,0.1,1.8,186.8,FOOD-DATA-GROUP2,Carbohydrates out-of-range
285,285,brown rice raw,685,5.4,1.1,2.0,1.9,142.9,1.6,14.7,6.5,0.0,0.086,19.2,0.0,0.7,0.014,0.0,0.2,9.4,2.8,0.9,0.0,0.0,2.2,0.024,42.6,0.5,2.7,264.6,6.9,616.1,412.6,0.038,3.7,214.8,FOOD-DATA-GROUP2,Carbohydrates out-of-range
287,287,beef flavored rice raw,657,2.3,0.0,0.0,0.0,139.1,0.0,19.8,2.9,0.0,2.4,15.1,0.0,1.3,0.0,0.0,0.2,9.7,1.0,0.3,0.0,0.0,0.3,0.0,58.6,0.3,5.2,62.2,1.7,228.8,309.3,0.068,2.5,227.9,FOOD-DATA-GROUP2,Carbohydrates out-of-range
289,289,wild rice raw,571,1.7,0.2,0.3,1.1,119.8,4.0,23.6,9.9,0.0,0.051,12.4,0.0,0.2,0.2,0.0,0.4,10.8,1.7,0.6,0.0,0.0,1.3,0.004,33.6,0.8,3.1,283.2,2.1,692.8,683.2,0.025,9.5,191.7,FOOD-DATA-GROUP2,Carbohydrates out-of-range
292,292,chicken flavored rice raw,601,2.2,0.7,0.6,0.8,127.3,4.0,17.9,2.0,0.0,2.1,13.8,0.0,1.0,0.0,0.0,0.2,8.6,0.9,0.3,0.0,0.0,0.3,0.0,30.2,0.3,4.7,52.1,1.7,211.7,257.0,0.011,2.3,184.3,FOOD-DATA-GROUP2,Carbohydrates out-of-range
295,295,parboiled white rice raw,692,1.9,0.5,0.5,0.6,149.6,0.6,13.9,3.3,0.0,0.055,18.2,0.0,1.1,0.5,0.0,0.054,9.3,1.2,0.8,0.0,0.0,0.088,0.078,131.4,0.5,6.2,50.0,1.9,283.1,321.9,0.038,1.9,306.3,FOOD-DATA-GROUP2,Carbohydrates out-of-range
297,297,rice pilaf raw,732,2.8,0.0,0.0,0.0,155.7,3.1,21.3,2.4,0.0,2.7,16.4,0.088,1.2,0.0,0.0,0.2,12.5,1.5,0.8,0.0,0.0,0.066,0.0,169.3,0.3,5.0,65.3,1.8,314.2,383.5,0.037,2.1,356.56,FOOD-DATA-GROUP2,Carbohydrates out-of-range
302,302,glutinous white rice raw,685,1.0,0.2,0.4,0.4,151.1,0.0,12.6,5.2,0.0,0.015,19.4,0.0,0.3,0.017,0.0,0.1,4.0,1.5,0.2,0.0,0.0,0.0,0.0,20.4,0.3,3.0,42.6,1.8,131.4,142.5,0.038,2.2,193.3,FOOD-DATA-GROUP2,Carbohydrates out-of-range
303,303,white rice pasta raw,600,4.0,0.7,1.0,1.6,122.8,0.0,15.3,0.0,3.3,3.0,11.6,0.0,1.2,0.3,0.007,0.4,11.4,1.1,0.2,1.0,0.0,0.0,0.0,75.0,0.4,6.5,65.2,1.7,257.5,340.7,0.099,2.0,224.6,FOOD-DATA-GROUP2,Carbohydrates out-of-range
309,309,white rice raw,675,1.2,0.3,0.4,0.3,147.9,0.2,13.2,2.4,0.0,0.081,21.5,0.0,1.1,0.4,0.0,0.091,7.8,1.9,0.3,0.0,0.0,0.2,0.08,51.8,0.4,8.0,46.3,2.0,212.8,212.8,0.057,2.0,224.5,FOOD-DATA-GROUP2,Carbohydrates out-of-range
110,110,golden raisins,498,0.8,0.2,0.016,0.2,131.2,97.7,5.6,6.6,0.0,0.001,24.7,0.0,0.031,0.067,0.0,0.3,1.9,0.2,0.5,5.3,0.0,0.2,0.066,87.5,0.6,3.0,57.8,0.5,189.8,1230.9,0.062,0.5,240.0,FOOD-DATA-GROUP3,Carbohydrates out-of-range
111,111,raisins seeded,488,0.9,0.3,0.036,0.3,129.5,0.0,4.2,11.2,0.0,0.098,27.3,0.0,0.2,0.092,0.0,0.3,1.8,0.092,0.3,8.9,0.0,0.0,0.0,46.2,0.5,4.3,49.5,0.4,123.8,1361.3,0.058,0.3,205.2,FOOD-DATA-GROUP3,Carbohydrates out-of-range
112,112,zante currants dried,408,0.4,0.009,0.003,0.3,106.7,96.9,5.9,9.8,0.0,0.067,27.7,0.0,0.2,0.07,0.0,0.2,2.3,0.007,0.4,6.8,0.0,0.2,0.07,123.8,0.7,4.7,59.0,0.7,180.0,1284.5,0.098,1.0,258.1,FOOD-DATA-GROUP3,Carbohydrates out-of-range
127,127,mammy apple mamey,431,4.2,1.2,1.7,0.7,105.8,0.0,4.2,25.4,0.0,0.1,729.3,0.0,0.2,0.1,0.0,0.3,3.4,0.9,0.8,118.4,0.0,0.0,0.0,93.1,0.7,5.9,135.4,0.0,93.1,397.6,0.064,0.8,357.0,FOOD-DATA-GROUP3,Carbohydrates out-of-range
209,209,french beans raw,631,3.7,0.4,0.3,2.2,118.0,0.0,34.6,46.4,0.0,0.069,19.8,0.0,1.0,0.7,0.0,0.4,3.8,1.5,0.7,8.5,0.0,0.0,0.0,342.2,0.8,6.3,345.9,2.2,559.4,2421.4,0.049,3.5,559.7,FOOD-DATA-GROUP3,Carbohydrates out-of-range
215,215,pink beans raw,720,2.4,0.6,0.2,1.0,134.8,4.5,44.0,26.7,0.0,0.057,21.1,0.0,1.6,1.0,0.0,0.4,4.0,2.1,1.1,0.0,0.0,0.4,0.007,273.0,1.7,14.2,382.2,2.9,871.5,3074.4,0.077,5.4,495.1,FOOD-DATA-GROUP3,Carbohydrates out-of-range
216,216,navy beans raw,701,3.1,0.4,0.5,2.9,126.4,8.1,46.4,50.8,0.0,0.059,25.2,0.0,1.6,0.8,0.0,0.3,4.6,1.5,0.9,0.0,0.0,0.08,0.018,305.8,1.7,11.4,364.0,2.9,846.6,2464.8,0.028,7.6,543.9,FOOD-DATA-GROUP3,Carbohydrates out-of-range
225,225,pinto beans raw,670,2.4,0.5,0.4,0.8,120.7,4.1,41.3,29.9,0.0,0.036,21.9,0.0,1.4,1.0,0.0,0.4,2.3,1.5,0.9,12.2,0.0,0.4,0.062,218.1,1.7,9.8,339.7,2.2,793.2,2688.5,0.036,4.4,434.4,FOOD-DATA-GROUP3,Carbohydrates out-of-range
226,226,black turtle beans raw,624,1.7,0.4,0.1,0.7,116.4,3.9,39.1,28.5,0.0,0.041,20.2,0.0,1.7,0.8,0.0,0.4,3.6,1.7,0.5,0.0,0.0,0.4,0.032,294.4,1.8,16.0,294.4,1.8,809.6,2760.0,0.005,4.0,496.1,FOOD-DATA-GROUP3,Carbohydrates out-of-range
229,229,hyacinth beans raw,722,3.5,0.6,0.2,1.5,127.6,0.0,50.2,53.8,0.0,0.073,19.7,0.0,2.4,0.008,0.0,0.3,3.4,2.6,0.3,0.0,0.0,0.0,0.0,273.0,2.8,10.7,594.3,3.3,781.2,2593.5,0.062,19.5,518.8,FOOD-DATA-GROUP3,Carbohydrates out-of-range
230,230,white beans raw,673,1.7,0.4,0.1,0.7,121.7,4.3,47.2,30.7,0.0,0.051,22.9,0.0,0.9,0.8,0.0,0.3,1.0,1.5,0.6,0.0,0.0,0.4,0.03,484.8,2.0,21.1,383.8,3.6,608.0,3625.9,0.097,7.4,707.2,FOOD-DATA-GROUP3,Carbohydrates out-of-range
233,233,mung beans raw,718,2.4,0.7,0.3,0.8,129.6,13.7,49.4,33.7,0.0,0.085,18.7,0.0,1.3,1.3,0.0,0.5,4.7,4.0,0.8,9.9,0.0,1.1,0.009,273.2,1.9,14.0,391.2,2.1,759.7,2579.2,0.001,5.5,512.2,FOOD-DATA-GROUP3,Carbohydrates out-of-range
234,234,adzuki beans raw,648,1.0,0.4,0.034,0.2,123.9,0.0,39.1,25.0,0.0,0.06,26.5,0.0,0.9,1.2,0.0,0.4,5.2,2.9,0.7,0.0,0.0,0.0,0.0,130.0,2.2,9.8,250.2,3.4,750.6,2470.4,0.055,9.9,328.8,FOOD-DATA-GROUP3,Carbohydrates out-of-range
236,236,pink lentils raw,662,4.2,0.7,1.0,2.2,113.6,0.0,47.9,20.7,0.0,0.092,22.6,0.0,1.0,0.4,0.0,0.2,2.9,0.7,0.8,3.3,0.0,0.0,0.0,78.7,2.5,14.5,138.2,2.7,564.5,1109.8,0.03,7.5,282.9,FOOD-DATA-GROUP3,Carbohydrates out-of-range
237,237,yellow beans raw,676,5.1,1.3,0.4,2.2,119.0,0.0,43.1,49.2,0.0,0.046,21.8,0.0,1.4,0.8,0.0,0.6,4.8,1.4,0.9,0.0,0.0,0.0,0.0,325.4,1.3,13.7,435.1,2.5,956.5,2042.3,0.074,5.5,555.5,FOOD-DATA-GROUP3,Carbohydrates out-of-range
239,239,lentils raw,678,2.0,0.3,0.4,1.0,115.4,3.9,49.5,58.6,0.0,0.039,20.0,0.0,1.7,0.9,0.0,0.4,5.0,4.1,1.0,8.4,0.0,0.9,0.083,107.5,1.0,14.5,234.2,2.6,865.9,1833.6,0.048,9.2,355.9,FOOD-DATA-GROUP3,Carbohydrates out-of-range
241,241,chickpeas raw,728,12.1,1.3,2.7,5.4,121.3,21.4,38.6,34.8,0.0,0.005,23.1,0.0,1.0,1.1,0.0,0.4,3.1,3.2,1.1,8.0,0.0,1.6,0.004,210.0,1.7,12.5,230.0,4.4,732.0,1750.0,0.095,6.9,437.3,FOOD-DATA-GROUP3,Carbohydrates out-of-range
247,247,mungo beans raw,706,3.4,0.2,0.2,2.2,122.1,0.0,52.2,37.9,0.0,0.004,22.4,0.0,0.6,0.4,0.0,0.5,3.0,1.9,0.6,0.0,0.0,0.0,0.0,285.7,2.0,15.7,552.7,3.2,784.5,2034.8,0.015,6.9,517.0,FOOD-DATA-GROUP3,Carbohydrates out-of-range
248,248,pigeon peas raw,703,3.1,0.7,0.065,1.7,128.7,0.0,44.5,30.8,0.0,0.04,21.7,0.0,1.3,0.9,0.0,0.4,6.1,2.6,0.6,0.0,0.0,0.0,0.0,266.5,2.2,10.7,375.2,3.7,752.4,2853.6,0.022,5.7,484.3,FOOD-DATA-GROUP3,Carbohydrates out-of-range
256,256,mothbeans raw,672,3.2,0.7,0.3,1.5,120.6,0.0,45.0,0.0,0.0,0.001,19.0,0.0,1.1,1.3,0.0,0.2,5.5,3.0,0.7,7.8,0.0,0.0,0.0,294.0,1.3,21.3,746.8,3.6,958.4,2334.4,0.095,3.8,491.9,FOOD-DATA-GROUP3,Carbohydrates out-of-range
260,260,lima beans raw,602,1.2,0.3,0.1,0.6,112.8,15.1,38.2,33.8,0.0,0.078,18.1,0.0,0.9,0.7,0.0,0.4,2.7,2.4,0.9,0.0,0.0,1.3,0.058,144.2,1.3,13.4,398.7,3.0,685.3,3068.7,0.087,5.0,343.6,FOOD-DATA-GROUP3,Carbohydrates out-of-range
263,263,black beans raw,662,2.8,0.7,0.2,1.2,121.0,4.1,41.9,30.1,0.0,0.065,21.4,0.0,1.7,0.9,0.0,0.4,3.8,1.7,0.6,0.0,0.0,0.4,0.026,238.6,1.6,9.7,331.7,2.1,682.9,2877.0,0.057,7.1,444.1,FOOD-DATA-GROUP3,Carbohydrates out-of-range
268,268,yardlong beans raw,579,2.2,0.6,0.2,0.9,103.4,0.0,40.6,18.4,0.0,0.057,14.1,0.0,1.5,1.1,0.0,0.4,3.6,2.6,0.6,2.7,0.0,0.0,0.0,230.5,1.5,14.4,564.5,2.7,933.5,1932.2,0.054,5.8,412.2,FOOD-DATA-GROUP3,Carbohydrates out-of-range
271,271,cranberry beans raw,653,2.4,0.6,0.2,1.0,117.1,0.0,44.9,48.2,0.0,0.014,24.2,0.0,1.5,1.2,0.0,0.4,2.8,1.5,0.6,0.0,0.0,0.0,0.0,247.7,1.5,9.8,304.2,1.8,725.4,2597.4,0.041,7.1,470.1,FOOD-DATA-GROUP3,Carbohydrates out-of-range
283,283,ground lamb cooked,886,61.5,25.4,26.0,4.4,0.0,0.0,77.5,0.0,303.6,0.3,172.4,0.0,0.3,0.062,0.064,0.8,21.0,2.1,0.4,0.0,0.079,0.4,0.003,68.9,0.4,5.6,75.1,0.071,629.1,1061.1,0.024,14.6,213.5,FOOD-DATA-GROUP3,Protein out-of-range
284,284,lamb meat cooked,678,45.0,18.6,19.1,3.2,0.0,0.0,63.8,0.0,240.0,0.2,139.6,0.0,0.3,0.013,0.068,0.7,16.4,1.7,0.4,0.0,0.0,0.0,0.0,40.0,0.3,4.8,60.0,0.07,482.5,795.0,0.026,11.9,153.6,FOOD-DATA-GROUP3,Protein out-of-range
289,289,lamb shank roasted,605,33.5,13.7,14.2,2.4,0.0,0.0,71.0,0.0,242.1,0.2,163.2,0.0,0.3,0.085,0.051,0.7,17.6,1.9,0.4,0.0,0.0,0.4,0.0,26.9,0.3,5.3,67.3,0.089,532.6,876.9,0.057,12.5,136.7,FOOD-DATA-GROUP3,Protein out-of-range
291,291,lamb sirloin cooked,765,54.2,22.9,22.8,3.9,0.0,0.0,64.5,0.0,254.1,0.2,141.8,0.0,0.3,0.086,0.086,0.7,17.3,1.8,0.4,0.0,0.0,0.3,0.0,28.8,0.3,5.2,57.6,0.028,479.5,788.6,0.089,10.8,152.7,FOOD-DATA-GROUP3,Protein out-of-range
302,302,lamb shoulder cooked,750,53.5,22.5,21.9,4.4,0.0,0.0,62.5,0.0,252.9,0.2,98.5,0.0,0.2,0.041,0.024,0.5,13.8,1.3,0.2,0.0,0.0,0.3,0.0,54.5,0.3,5.2,52.3,0.04,405.5,540.6,0.094,13.9,175.7,FOOD-DATA-GROUP3,Protein out-of-range
304,304,lamb leg cooked,684,43.7,18.3,18.4,3.1,0.0,0.0,67.7,0.0,246.5,0.2,152.3,0.0,0.3,0.058,0.065,0.7,17.5,1.8,0.4,0.0,0.099,0.4,0.025,29.2,0.3,5.2,63.6,0.071,506.2,829.5,0.064,11.7,145.8,FOOD-DATA-GROUP3,Protein out-of-range
306,306,veal sirloin cooked,517,26.9,10.6,10.6,1.8,0.0,0.0,64.1,0.0,221.4,0.2,111.7,0.0,0.1,0.032,0.048,0.7,13.5,2.1,0.7,0.0,0.0,0.8,0.0,34.9,0.3,2.5,55.4,0.072,498.2,658.1,0.058,8.9,128.4,FOOD-DATA-GROUP3,Protein out-of-range
308,308,veal meat cooked,483,23.8,8.9,9.2,1.7,0.0,0.0,62.9,0.0,238.3,0.2,119.3,0.0,0.1,0.064,0.057,0.7,16.7,2.6,0.6,0.0,0.0,0.8,0.069,46.0,0.2,2.4,54.3,0.084,499.5,679.3,0.061,9.9,135.1,FOOD-DATA-GROUP3,Protein out-of-range
310,310,veal sirloin raw,689,35.4,15.2,13.8,2.3,0.0,0.0,86.5,0.0,353.8,0.3,325.9,0.0,0.4,0.016,0.004,1.4,38.3,6.2,2.2,0.0,0.0,1.1,0.093,49.9,0.5,3.5,108.9,0.1,948.0,1492.3,0.004,11.6,175.3,FOOD-DATA-GROUP3,Protein out-of-range
317,317,veal rib raw,735,40.9,16.8,15.6,2.9,0.0,0.0,85.5,0.0,372.0,0.4,322.7,0.0,0.3,0.082,0.085,1.0,30.3,5.1,1.9,0.0,0.0,1.0,0.0,59.0,0.5,3.9,99.8,0.1,834.6,1315.4,0.045,14.7,189.3,FOOD-DATA-GROUP3,Protein out-of-range
320,320,veal leg round raw,531,14.0,5.4,5.1,1.1,0.0,0.0,95.2,0.0,353.8,0.3,339.3,0.0,0.4,0.064,0.019,1.2,42.7,4.9,2.1,0.0,0.0,1.4,0.03,22.7,0.5,3.6,117.9,0.1,997.9,1664.7,0.005,10.4,135.5,FOOD-DATA-GROUP3,Protein out-of-range
323,323,ground veal cooked,514,22.6,9.1,8.5,1.6,0.0,0.0,72.9,0.0,308.0,0.2,199.6,0.0,0.2,0.03,0.032,0.8,24.0,3.5,1.2,0.0,0.0,0.4,0.006,50.8,0.3,3.0,71.8,0.1,648.8,1007.6,0.011,11.6,149.3,FOOD-DATA-GROUP3,Protein out-of-range
324,324,veal leg round cooked,574,17.2,6.9,6.4,1.3,0.0,0.0,98.4,0.0,364.5,0.2,150.9,0.0,0.2,0.067,0.072,1.0,28.7,2.8,1.0,0.0,0.0,1.3,0.096,21.8,0.4,3.6,78.9,0.1,677.3,1041.8,0.089,10.8,141.0,FOOD-DATA-GROUP3,Protein out-of-range
326,326,veal shank raw,513,15.8,4.8,5.7,1.6,0.0,0.0,86.9,0.0,340.2,0.4,348.9,0.0,0.4,0.075,0.035,1.2,33.8,5.9,2.0,0.0,0.0,0.0,0.0,90.7,0.3,3.4,95.3,0.009,866.4,1424.3,0.068,18.1,196.8,FOOD-DATA-GROUP3,Protein out-of-range
327,327,veal breast cooked,753,47.5,18.5,22.7,3.2,0.0,0.0,76.3,0.0,319.8,0.2,158.3,0.0,0.2,0.089,0.081,0.8,22.6,2.9,0.7,0.0,0.0,0.0,0.0,25.5,0.2,2.2,56.6,0.027,540.5,769.8,0.057,10.3,151.5,FOOD-DATA-GROUP3,Protein out-of-range
329,329,rib eye steak grilled,680,47.7,21.2,23.0,2.2,0.0,0.0,62.4,0.0,195.8,0.1,139.5,0.047,0.2,0.036,0.002,0.8,12.9,0.0,1.3,0.0,0.032,0.0,0.065,30.1,0.2,6.0,57.7,0.0,409.1,700.3,0.085,15.9,146.262,FOOD-DATA-GROUP3,Protein out-of-range
334,334,beef round steak cooked,385,12.1,4.3,5.1,0.5,0.0,0.0,64.8,0.0,174.3,0.011,126.8,0.0,0.1,0.032,0.042,0.3,11.3,1.3,0.9,0.0,0.0,0.8,0.064,14.4,0.2,5.2,41.0,0.033,395.7,516.6,0.091,10.7,96.5,FOOD-DATA-GROUP3,Protein out-of-range
339,339,beef round steak raw,753,36.0,14.2,15.5,1.4,0.0,0.0,100.1,0.0,313.0,0.3,313.2,0.0,0.4,0.079,0.067,0.6,29.9,2.9,3.0,0.0,0.0,1.5,0.079,95.3,0.4,8.4,108.9,0.035,961.6,1583.1,0.1,18.5,239.8,FOOD-DATA-GROUP3,Protein out-of-range
341,341,chuck eye steak raw,856,62.8,26.7,29.7,4.5,0.0,0.0,72.4,0.0,261.1,0.3,247.6,0.095,0.3,0.017,0.03,0.6,16.7,2.5,1.4,0.0,0.047,0.6,0.077,53.8,0.2,8.1,73.0,0.007,687.4,1263.4,0.097,27.9,197.159,FOOD-DATA-GROUP3,Protein out-of-range
349,349,corned beef raw,898,67.6,21.5,32.6,2.4,0.6,0.0,66.6,0.0,244.9,5.5,301.9,0.0,0.2,0.007,0.006,0.7,16.6,2.6,1.3,122.5,0.0,0.0,0.0,31.8,0.5,7.7,63.5,0.012,530.7,1347.2,0.07,12.9,296.8,FOOD-DATA-GROUP3,Protein out-of-range
352,352,rib eye steak raw,743,54.5,24.0,25.7,2.6,0.4,0.0,62.8,0.0,221.7,0.2,205.4,0.087,0.3,0.025,0.039,0.8,15.6,0.0,1.3,0.0,0.088,0.0,0.076,26.1,0.2,5.9,65.2,0.0,446.6,802.0,0.01,16.2,149.722,FOOD-DATA-GROUP3,Protein out-of-range
354,354,chuck blade roast cooked,842,62.0,24.7,26.8,2.2,0.0,0.0,66.1,0.0,256.9,0.2,117.7,0.0,0.2,0.005,0.024,0.6,6.0,0.8,0.6,0.0,0.003,0.5,0.006,32.1,0.3,7.7,46.9,0.089,498.9,575.5,0.061,20.8,167.9,FOOD-DATA-GROUP3,Protein out-of-range
357,357,chuck eye steak grilled,853,60.5,26.7,29.1,4.4,0.0,0.0,76.9,0.0,268.0,0.2,170.1,4.0,0.012,0.2,0.083,0.085,0.6,14.4,2.3,1.1,0.0,0.093,0.3,0.02,49.3,0.2,7.5,67.8,0.045,594.4,1001.0,0.012,142.79,FOOD-DATA-GROUP3,Protein out-of-range
358,358,veal meat raw,653,30.7,12.7,11.7,2.2,0.0,0.0,87.8,0.0,372.0,0.4,330.4,0.0,0.4,0.097,0.061,1.2,34.0,5.9,1.9,0.0,0.0,1.2,0.0,68.0,0.5,3.8,108.9,0.1,920.8,1428.8,0.095,13.9,190.3,FOOD-DATA-GROUP3,Protein out-of-range
361,361,veal shoulder cooked,435,19.4,7.2,7.4,1.4,0.0,0.0,61.2,0.0,240.7,0.2,107.7,0.0,0.1,0.049,0.005,0.6,12.3,2.9,0.5,0.0,0.0,0.8,0.06,66.9,0.3,2.7,51.6,0.037,477.5,590.2,0.091,12.6,150.2,FOOD-DATA-GROUP3,Protein out-of-range
363,363,veal shank cooked,371,12.0,4.0,4.5,1.0,0.0,0.0,61.2,0.0,240.6,0.2,119.8,0.0,0.062,0.018,0.016,0.6,18.3,2.4,0.5,0.0,0.0,0.0,0.0,64.0,0.2,2.4,48.5,0.017,436.5,591.7,0.099,12.9,139.6,FOOD-DATA-GROUP3,Protein out-of-range
405,405,emu fillet cooked,607,9.1,2.3,3.6,1.3,0.0,0.0,123.2,0.0,323.1,0.2,261.7,0.0,1.4,0.05,0.062,2.4,38.7,13.3,3.6,0.0,0.0,0.9,0.0,23.6,0.9,18.0,118.2,0.1,1071.7,1564.2,0.2,12.6,173.9,FOOD-DATA-GROUP3,Protein out-of-range
407,407,emu drums cooked,649,8.4,2.7,3.6,1.7,0.0,0.0,134.7,0.0,378.6,0.5,267.5,0.084,1.7,0.042,0.084,2.6,42.3,14.6,3.9,0.0,0.0,1.0,0.0,25.0,1.1,30.2,137.3,0.1,1277.1,1297.9,0.2,21.2,198.375,FOOD-DATA-GROUP3,Protein out-of-range
409,409,ground bison cooked,448,21.6,8.7,8.2,1.0,0.0,0.0,63.6,0.0,177.5,0.2,162.7,0.0,0.3,0.015,0.006,0.7,14.9,0.0,1.0,0.0,0.0,0.5,0.011,35.0,0.4,8.0,57.5,0.0,532.5,882.5,0.006,13.4,128.2,FOOD-DATA-GROUP3,Protein out-of-range
410,410,goat meat raw,494,10.5,3.2,4.7,0.8,0.0,0.0,93.4,0.0,258.6,0.4,344.0,0.0,0.5,0.084,0.03,2.2,17.0,0.0,0.0,0.0,0.0,0.0,0.0,59.0,1.2,12.8,0.0,0.2,816.5,1746.4,0.01,18.1,175.7,FOOD-DATA-GROUP3,Protein out-of-range
425,425,veal tongue cooked,515,25.8,11.1,11.8,1.0,0.0,0.0,65.9,0.0,606.9,0.2,163.4,0.0,0.2,0.098,0.016,0.9,3.7,1.9,0.4,15.3,0.0,0.0,0.0,23.0,0.5,5.3,45.9,0.1,423.3,413.1,0.016,11.5,135.3,FOOD-DATA-GROUP3,Protein out-of-range
430,430,beef pancreas cooked,602,38.2,13.1,13.2,7.1,0.0,0.0,60.2,0.0,581.6,0.1,123.4,0.0,0.4,0.093,0.052,1.1,8.8,9.4,0.4,45.1,0.0,0.0,0.0,35.5,0.2,5.8,46.6,0.5,1005.7,546.1,0.1,10.2,184.8,FOOD-DATA-GROUP3,Protein out-of-range
433,433,pork pancreas cooked,537,26.5,9.1,9.2,5.0,0.0,0.0,69.8,0.0,771.8,0.1,147.7,0.0,0.2,0.086,0.058,1.6,7.9,11.6,1.1,14.0,0.0,0.0,0.0,39.2,0.3,6.6,56.4,0.5,713.0,411.6,0.2,10.5,156.1,FOOD-DATA-GROUP3,Protein out-of-range
436,436,beef spleen cooked,447,12.9,4.3,3.4,1.0,0.0,0.0,77.3,0.0,1068.8,0.2,215.5,0.0,0.1,0.035,0.06,0.9,17.1,2.7,0.1,154.9,0.0,0.0,0.0,37.0,2.8,121.2,58.5,0.2,939.4,874.7,0.3,8.6,403.3,FOOD-DATA-GROUP3,Protein out-of-range
443,443,veal spleen cooked,445,10.0,3.3,2.7,0.7,0.0,0.0,83.1,0.0,1542.2,0.2,245.8,0.0,0.2,0.022,0.051,1.0,18.4,0.0,0.2,138.0,0.0,0.0,0.0,24.2,3.2,25.4,48.3,0.3,1076.4,741.8,0.3,6.6,280.7,FOOD-DATA-GROUP3,Protein out-of-range
444,444,lamb liver cooked,739,29.6,11.5,6.2,4.4,8.5,0.0,102.7,0.0,1683.4,0.2,190.4,25.2,0.8,0.2,0.3,13.5,40.8,13.3,1.6,13.4,0.0,0.0,0.0,26.9,23.8,27.8,73.9,1.7,1411.2,742.6,0.4,26.5,234.1,FOOD-DATA-GROUP3,Protein out-of-range
446,446,lamp spleen cooked,460,14.1,4.7,3.7,1.0,0.0,0.0,78.1,0.0,1135.8,0.2,195.8,0.0,0.2,0.062,0.028,0.9,17.3,0.0,0.2,76.7,0.0,0.0,0.0,38.4,0.4,114.1,62.0,0.2,1006.0,731.6,0.1,11.6,321.4,FOOD-DATA-GROUP3,Protein out-of-range
449,449,lamb lungs cooked,431,11.8,4.0,3.0,1.6,0.0,0.0,75.7,0.0,1082.0,0.3,288.9,0.1,0.1,0.012,0.1,0.5,9.3,0.0,0.2,106.7,0.0,0.0,0.0,45.7,0.9,17.4,41.9,0.064,716.3,483.9,0.095,7.4,257.4,FOOD-DATA-GROUP3,Protein out-of-range
455,455,lamb kidneys cooked,349,9.2,3.1,2.0,1.7,2.5,0.0,60.3,0.0,1440.8,0.4,179.6,0.3,0.9,0.2,0.2,5.3,15.3,5.2,0.3,30.6,0.0,0.0,0.0,45.9,0.9,31.6,51.0,0.4,739.5,453.9,0.6,9.7,180.4,FOOD-DATA-GROUP3,Protein out-of-range
456,456,beef lungs cooked,364,11.2,3.8,2.9,1.5,0.0,0.0,61.8,0.0,839.3,0.3,231.5,0.095,0.1,0.062,0.09,0.4,7.6,1.9,0.066,99.1,0.0,0.0,0.0,33.3,0.7,16.4,30.3,0.015,539.3,524.2,0.2,5.0,221.858,FOOD-DATA-GROUP3,Protein out-of-range
457,457,veal pancreas cooked,614,35.0,12.0,12.1,6.5,0.0,0.0,69.8,0.0,0.0,0.2,133.7,0.0,0.4,0.068,0.082,1.2,10.0,0.0,0.5,14.4,0.0,0.0,0.0,43.2,0.2,5.7,57.6,0.6,1228.8,667.2,0.098,12.5,168.1,FOOD-DATA-GROUP3,Protein out-of-range
458,458,pork liver cooked,584,15.6,5.0,2.2,3.7,13.3,0.0,92.1,0.0,1256.7,0.2,227.7,19.1,0.9,0.6,0.071,7.8,29.9,16.9,2.0,83.5,0.0,0.0,0.0,35.4,2.2,63.4,49.6,1.1,853.1,531.0,0.2,23.8,322.4,FOOD-DATA-GROUP3,Protein out-of-range
475,475,boston butt steak raw,844,56.1,19.7,23.6,7.2,0.0,0.0,79.0,0.0,281.2,0.3,313.8,0.051,2.4,0.0,0.088,1.6,19.2,6.6,2.2,0.0,0.028,1.0,0.0,72.6,0.4,5.1,90.7,0.098,861.8,1442.4,0.1,14.0,212.848,FOOD-DATA-GROUP3,Protein out-of-range
484,484,pork tenderloin raw,606,17.8,6.0,6.8,2.8,0.0,0.0,104.3,0.0,328.3,0.3,378.6,0.0,5.0,0.0,0.023,1.7,33.4,4.2,3.9,0.0,0.075,1.1,0.0,30.3,0.4,4.9,136.4,0.098,1227.2,1984.7,0.2,9.4,157.3,FOOD-DATA-GROUP3,Protein out-of-range
488,488,pork splean cooked,446,9.6,3.2,2.6,0.7,0.0,0.0,84.3,0.0,1507.0,0.3,199.4,0.0,0.4,0.002,0.071,0.8,17.8,2.7,0.2,34.7,0.0,0.0,0.0,38.9,0.4,66.5,44.9,0.1,846.2,678.7,0.1,10.6,234.0,FOOD-DATA-GROUP3,Protein out-of-range
495,495,pork blade steak braised,694,44.7,16.6,20.1,5.3,0.087,0.0,68.2,0.0,256.1,0.4,148.2,0.4,0.0,1.1,0.0,0.1,0.9,9.5,3.5,1.2,0.0,0.032,0.3,0.0,71.3,0.5,4.5,52.8,0.06,599.3,976.8,0.1,115.063,FOOD-DATA-GROUP3,Protein out-of-range
499,499,pork boston roast cooked,705,49.4,18.3,21.7,4.6,0.0,0.0,60.5,0.0,225.3,0.2,150.6,0.061,1.7,0.084,0.041,0.9,10.6,1.7,0.6,1.8,0.029,0.5,0.0,73.4,0.3,3.8,47.2,0.052,516.1,869.8,0.022,10.4,188.948,FOOD-DATA-GROUP3,Protein out-of-range
528,528,pork blade steak raw,664,43.7,15.4,18.4,5.6,0.6,0.0,67.6,0.0,243.7,0.6,276.5,0.0,1.9,0.0,0.01,1.3,14.8,5.6,1.9,0.0,0.083,0.8,0.0,59.0,0.5,3.8,70.7,0.0,829.2,1536.6,0.1,11.1,174.7,FOOD-DATA-GROUP3,Protein out-of-range
559,559,pheasant breast raw,484,11.8,4.0,3.8,2.0,0.0,0.0,88.7,0.0,211.1,0.1,263.5,0.2,0.3,0.088,0.009,0.4,31.1,3.5,2.7,21.8,0.0,0.0,0.0,10.9,0.2,2.9,76.4,0.051,728.0,880.9,0.06,2.3,136.3,FOOD-DATA-GROUP3,Protein out-of-range
8,8,profeel proteiinirahka valio,140,0.4,0.2,16.8,16.8,19.3,0.2,175.0,0.0,0.0,0.0,0.0,0.0,0.0,0.0,0.0,0.0,0.0,0.0,0.0,0.0,0.0,0.0,0.0,0.0,0.0,0.0,0.0,0.0,0.0,0.0,0.0,0.0,194.7,FOOD-DATA-GROUP4,Protein out-of-range
194,194,breadnut tree seeds dried,587,2.7,0.7,0.3,1.4,127.0,0.0,13.8,23.8,0.0,0.091,10.4,0.0,0.04,0.2,0.0,0.2,3.4,3.0,1.1,74.6,0.0,0.0,0.0,150.4,3.9,7.4,184.0,0.5,284.8,3217.6,0.011,3.1,399.7,FOOD-DATA-GROUP4,Carbohydrates out-of-range
200,200,lupins raw,668,17.5,2.1,7.1,4.4,72.7,0.0,65.1,34.0,0.0,0.009,18.8,0.0,1.2,0.6,0.0,0.4,3.9,1.4,0.6,8.6,0.0,0.0,0.0,316.8,1.8,7.8,356.4,4.3,792.0,1823.4,0.09,8.6,522.5,FOOD-DATA-GROUP4,Protein out-of-range
59,59,chinese noodles,456,0.094,0.088,0.085,0.072,111.9,0.0,0.2,0.7,0.0,0.088,17.4,0.0,0.0,0.2,0.032,0.0,0.0,0.3,0.1,0.031,0.0,0.0,0.2,0.0,32.5,0.1,2.8,3.9,0.1,41.6,13.0,0.044,112.906,FOOD-DATA-GROUP5,Carbohydrates out-of-range
223,223,bagel chips,789,26.5,12.0,10.6,3.6,116.1,10.5,21.6,7.2,0.0,0.4,8.8,0.0,0.9,0.2,0.0,0.6,13.4,0.8,0.2,0.0,0.0,1.4,0.031,42.0,0.3,8.8,68.3,1.2,229.3,245.0,0.03,1.8,222.2,FOOD-DATA-GROUP5,Carbohydrates out-of-range
252,252,potato chips fat free,860,1.4,0.3,0.06,0.6,190.1,8.4,21.9,17.0,0.0,1.5,4.5,0.0,2.5,0.1,0.0,0.3,14.6,0.0,1.8,21.1,0.0,0.029,0.006,79.5,0.4,8.1,158.9,0.0,379.1,3695.6,0.038,1.7,339.1,FOOD-DATA-GROUP5,Carbohydrates out-of-range
255,255,potato chips reduced fat,801,35.4,7.1,8.2,18.6,113.7,0.4,12.1,10.0,0.0,0.8,1.7,0.0,0.4,0.028,0.0,0.5,11.9,0.5,1.1,43.7,0.0,9.3,0.076,35.7,1.0,2.3,151.3,0.7,328.1,2964.8,0.08,0.1,252.9,FOOD-DATA-GROUP5,Carbohydrates out-of-range
295,295,cranberry sauce sweetened,418,0.4,0.056,0.057,0.2,107.8,105.0,0.6,2.8,0.0,0.076,168.0,0.0,0.0,0.033,0.0,0.093,0.3,0.0,0.029,5.5,0.0,2.3,0.075,11.1,0.097,0.6,8.3,0.2,16.6,72.0,0.025,0.1,128.8,FOOD-DATA-GROUP5,Carbohydrates out-of-range
342,342,cranberry orange relish,490,0.3,0.06,0.0,0.0,127.1,0.0,0.8,0.0,0.0,0.063,146.3,0.0,0.053,0.0,0.0,0.066,0.3,0.0,0.0,49.5,0.0,0.0,0.0,30.3,0.1,0.6,11.0,0.0,22.0,104.5,0.0,0.0,208.6,FOOD-DATA-GROUP5,Carbohydrates out-of-range
380,380,soy vermicelli,463,0.1,0.092,0.005,0.093,115.2,24.4,0.1,5.5,0.0,0.032,16.7,0.0,0.0,0.0,0.0,0.0,0.0,0.0,0.0,0.0,0.0,0.7,0.019,77.0,2.7,2.5,2.8,0.0,28.0,4.2,0.017,5.9,200.4,FOOD-DATA-GROUP5,Carbohydrates out-of-range
407,407,soybean raw,830,37.1,5.4,8.2,20.9,56.1,13.6,67.9,17.3,0.0,0.023,15.9,0.0,1.6,0.7,0.0,1.6,3.0,1.5,0.7,11.2,0.0,1.6,0.099,515.2,3.1,29.2,520.8,4.7,1309.4,3342.4,0.071,9.1,734.0,FOOD-DATA-GROUP5,Protein out-of-range
503,503,yellow corn raw,606,7.9,1.1,2.1,3.6,123.3,1.1,15.6,12.1,0.0,0.06,17.2,0.0,0.6,0.057,0.0,0.3,6.0,0.7,1.0,0.0,0.0,0.8,0.016,11.6,0.5,4.5,210.8,0.8,348.6,476.4,0.032,3.7,175.0,FOOD-DATA-GROUP5,Carbohydrates out-of-range
562,562,split peas raw,672,2.3,0.3,0.5,1.0,118.9,15.8,48.4,50.2,0.0,0.075,22.2,0.0,1.4,0.5,0.0,0.4,5.7,3.5,0.3,3.5,0.0,0.2,0.037,108.4,1.7,8.7,226.6,2.7,721.0,1932.6,0.037,5.9,340.4,FOOD-DATA-GROUP5,Carbohydrates out-of-range
672,672,sweet potato canned,568,1.3,0.3,0.08,0.5,133.5,98.3,6.3,16.0,0.0,0.3,493.7,0.0,0.2,0.074,0.0,0.3,2.9,2.1,0.3,67.0,0.0,6.0,0.098,95.7,0.8,5.1,82.9,3.2,172.3,1180.3,0.037,1.2,324.9,FOOD-DATA-GROUP5,Carbohydrates out-of-range
